{"cameraMode":{"drawMode":0,"name":"Shaded","section":"Shading Mode"},"sceneLighting":true,"audioPlay":false,"sceneViewState":{"showFog":true,"showMaterialUpdate":false,"showSkybox":true,"showFlares":true,"showImageEffects":true,"showParticleSystems":true},"in2DMode":false,"pivot":{"x":238.95347595214845,"y":18.01738739013672,"z":236.75057983398438},"rotation":{"x":0.17366454005241395,"y":0.08351206034421921,"z":0.014782320708036423,"w":-0.9811462759971619},"size":0.4379359185695648,"orthographic":false}